issueId,changedAt,fromStatus,toStatus
1,2025-07-07,,received
1,2025-07-09,received,analysis
1,2025-07-12,analysis,action
1,2025-07-14,action,done
2,2025-07-07,,received
2,2025-07-09,received,analysis
2,2025-07-10,analysis,action
2,2025-07-12,action,done
3,2025-07-07,,received
3,2025-07-14,received,analysis
3,2025-07-22,analysis,action
3,2025-07-29,action,done
4,2025-07-07,,received
4,2025-07-13,received,analysis
4,2025-07-18,analysis,action
4,2025-07-24,action,done
5,2025-07-07,,received
5,2025-07-16,received,analysis
5,2025-07-24,analysis,action
5,2025-08-02,action,done
6,2025-07-09,,received
6,2025-07-13,received,analysis
6,2025-07-17,analysis,action
6,2025-07-21,action,done
7,2025-07-10,,received
7,2025-07-19,received,analysis
7,2025-07-27,analysis,action
7,2025-08-05,action,done
8,2025-07-11,,received
8,2025-07-18,received,analysis
8,2025-07-24,analysis,action
8,2025-07-31,action,done
9,2025-07-11,,received
9,2025-07-15,received,analysis
9,2025-07-18,analysis,action
9,2025-07-22,action,done
10,2025-07-11,,received
10,2025-07-18,received,analysis
10,2025-07-26,analysis,action
10,2025-08-02,action,done
11,2025-07-12,,received
11,2025-07-24,received,analysis
11,2025-08-05,analysis,action
11,2025-08-17,action,done
12,2025-07-12,,received
12,2025-07-13,received,analysis
12,2025-07-14,analysis,action
12,2025-07-15,action,done
13,2025-07-12,,received
13,2025-07-14,received,analysis
13,2025-07-16,analysis,action
13,2025-07-18,action,done
14,2025-07-15,,received
14,2025-07-20,received,analysis
14,2025-07-26,analysis,action
14,2025-07-31,action,done
15,2025-07-15,,received
15,2025-07-23,received,analysis
15,2025-07-30,analysis,action
15,2025-08-07,action,done
16,2025-07-16,,received
16,2025-07-23,received,analysis
16,2025-07-31,analysis,action
16,2025-08-07,action,done
17,2025-07-16,,received
17,2025-07-20,received,analysis
17,2025-07-25,analysis,action
17,2025-07-29,action,done
18,2025-07-16,,received
18,2025-07-22,received,analysis
18,2025-07-29,analysis,action
18,2025-08-04,action,done
19,2025-07-17,,received
19,2025-07-24,received,analysis
19,2025-07-31,analysis,action
19,2025-08-07,action,done
20,2025-07-19,,received
20,2025-07-25,received,analysis
20,2025-07-30,analysis,action
20,2025-08-05,action,done
21,2025-07-19,,received
21,2025-07-26,received,analysis
21,2025-08-02,analysis,action
21,2025-08-09,action,done
22,2025-07-21,,received
22,2025-07-30,received,analysis
22,2025-08-09,analysis,action
22,2025-08-18,action,done
23,2025-07-21,,received
23,2025-07-27,received,analysis
23,2025-08-01,analysis,action
23,2025-08-07,action,done
24,2025-07-21,,received
24,2025-07-30,received,analysis
24,2025-08-09,analysis,action
24,2025-08-18,action,done
25,2025-07-22,,received
25,2025-07-31,received,analysis
25,2025-08-09,analysis,action
25,2025-08-18,action,done
26,2025-07-23,,received
26,2025-08-03,received,analysis
26,2025-08-13,analysis,action
26,2025-08-24,action,done
27,2025-07-24,,received
27,2025-07-30,received,analysis
27,2025-08-05,analysis,action
27,2025-08-11,action,done
28,2025-07-25,,received
28,2025-07-27,received,analysis
28,2025-07-30,analysis,action
28,2025-08-01,action,done
29,2025-07-27,,received
29,2025-08-01,received,analysis
29,2025-08-07,analysis,action
29,2025-08-12,action,done
30,2025-07-27,,received
30,2025-07-31,received,analysis
30,2025-08-04,analysis,action
30,2025-08-08,action,done
31,2025-07-28,,received
31,2025-08-08,received,analysis
31,2025-08-18,analysis,action
31,2025-08-29,action,done
32,2025-07-29,,received
32,2025-08-09,received,analysis
32,2025-08-20,analysis,action
32,2025-08-31,action,done
33,2025-07-29,,received
33,2025-08-02,received,analysis
33,2025-08-05,analysis,action
33,2025-08-09,action,done
34,2025-07-31,,received
34,2025-07-31,received,analysis
34,2025-08-01,analysis,action
34,2025-08-01,action,done
35,2025-08-01,,received
35,2025-08-06,received,analysis
35,2025-08-12,analysis,action
35,2025-08-17,action,done
36,2025-08-02,,received
36,2025-08-09,received,analysis
36,2025-08-17,analysis,action
36,2025-08-24,action,done
37,2025-08-02,,received
37,2025-08-08,received,analysis
37,2025-08-13,analysis,action
37,2025-08-19,action,done
38,2025-08-04,,received
38,2025-08-07,received,analysis
38,2025-08-11,analysis,action
38,2025-08-14,action,done
39,2025-08-04,,received
39,2025-08-10,received,analysis
39,2025-08-16,analysis,action
39,2025-08-22,action,done
40,2025-08-05,,received
40,2025-08-13,received,analysis
40,2025-08-20,analysis,action
40,2025-08-28,action,done
41,2025-08-06,,received
41,2025-08-14,received,analysis
41,2025-08-21,analysis,action
41,2025-08-29,action,done
42,2025-08-07,,received
42,2025-08-13,received,analysis
42,2025-08-20,analysis,action
42,2025-08-26,action,done
43,2025-08-07,,received
43,2025-08-16,received,analysis
43,2025-08-26,analysis,action
43,2025-09-04,action,done
44,2025-08-07,,received
44,2025-08-11,received,analysis
44,2025-08-16,analysis,action
44,2025-08-20,action,done
45,2025-08-08,,received
45,2025-08-21,received,analysis
45,2025-09-03,analysis,action
45,2025-09-16,action,done
46,2025-08-08,,received
46,2025-08-16,received,analysis
46,2025-08-24,analysis,action
46,2025-09-01,action,done
47,2025-08-09,,received
47,2025-08-22,received,analysis
47,2025-09-04,analysis,action
47,2025-09-17,action,done
48,2025-08-11,,received
48,2025-08-14,received,analysis
48,2025-08-17,analysis,action
48,2025-08-20,action,done
49,2025-08-12,,received
49,2025-08-18,received,analysis
49,2025-08-25,analysis,action
49,2025-08-31,action,done
50,2025-08-13,,received
50,2025-08-16,received,analysis
50,2025-08-20,analysis,action
50,2025-08-23,action,done
51,2025-08-13,,received
51,2025-08-19,received,analysis
51,2025-08-24,analysis,action
51,2025-08-30,action,done
52,2025-08-14,,received
52,2025-08-21,received,analysis
52,2025-08-28,analysis,action
52,2025-09-04,action,done
53,2025-08-15,,received
53,2025-08-26,received,analysis
53,2025-09-06,analysis,action
53,2025-09-17,action,done
54,2025-08-15,,received
54,2025-08-17,received,analysis
54,2025-08-20,analysis,action
54,2025-08-22,action,done
55,2025-08-15,,received
55,2025-08-20,received,analysis
55,2025-08-24,analysis,action
55,2025-08-29,action,done
56,2025-08-15,,received
56,2025-08-24,received,analysis
56,2025-09-03,analysis,action
56,2025-09-12,action,done
57,2025-08-15,,received
57,2025-08-17,received,analysis
57,2025-08-18,analysis,action
57,2025-08-20,action,done
58,2025-08-15,,received
58,2025-08-22,received,analysis
58,2025-08-28,analysis,action
58,2025-09-04,action,done
59,2025-08-17,,received
59,2025-08-24,received,analysis
59,2025-08-31,analysis,action
59,2025-09-07,action,done
60,2025-08-18,,received
60,2025-08-25,received,analysis
60,2025-09-01,analysis,action
60,2025-09-08,action,done
61,2025-08-18,,received
61,2025-08-27,received,analysis
61,2025-09-06,analysis,action
61,2025-09-15,action,done
62,2025-08-18,,received
62,2025-08-22,received,analysis
62,2025-08-25,analysis,action
62,2025-08-29,action,done
63,2025-08-19,,received
63,2025-08-23,received,analysis
63,2025-08-28,analysis,action
63,2025-09-01,action,done
64,2025-08-20,,received
64,2025-08-28,received,analysis
64,2025-09-05,analysis,action
64,2025-09-13,action,done
65,2025-08-20,,received
65,2025-08-30,received,analysis
65,2025-09-09,analysis,action
65,2025-09-19,action,done
66,2025-08-21,,received
66,2025-09-02,received,analysis
66,2025-09-13,analysis,action
66,2025-09-25,action,done
67,2025-08-22,,received
67,2025-09-06,received,analysis
67,2025-09-20,analysis,action
67,2025-10-05,action,done
68,2025-08-22,,received
68,2025-08-30,received,analysis
68,2025-09-07,analysis,action
68,2025-09-15,action,done
69,2025-08-22,,received
69,2025-08-26,received,analysis
69,2025-08-30,analysis,action
69,2025-09-03,action,done
70,2025-08-23,,received
70,2025-08-30,received,analysis
70,2025-09-06,analysis,action
70,2025-09-13,action,done
71,2025-08-23,,received
71,2025-08-28,received,analysis
71,2025-09-03,analysis,action
71,2025-09-08,action,done
72,2025-08-26,,received
72,2025-09-08,received,analysis
72,2025-09-22,analysis,action
72,2025-10-05,action,done
73,2025-08-28,,received
73,2025-09-04,received,analysis
73,2025-09-12,analysis,action
73,2025-09-19,action,done
74,2025-08-28,,received
74,2025-08-30,received,analysis
74,2025-09-02,analysis,action
74,2025-09-04,action,done
75,2025-08-30,,received
75,2025-09-04,received,analysis
75,2025-09-09,analysis,action
75,2025-09-14,action,done
76,2025-08-31,,received
76,2025-09-07,received,analysis
76,2025-09-15,analysis,action
76,2025-09-22,action,done
77,2025-08-31,,received
77,2025-09-13,received,analysis
77,2025-09-27,analysis,action
77,2025-10-10,action,done
78,2025-08-31,,received
78,2025-09-10,received,analysis
78,2025-09-21,analysis,action
78,2025-10-01,action,done
79,2025-09-01,,received
79,2025-09-06,received,analysis
79,2025-09-12,analysis,action
79,2025-09-17,action,done
80,2025-09-04,,received
80,2025-09-07,received,analysis
80,2025-09-11,analysis,action
80,2025-09-14,action,done
81,2025-09-06,,received
81,2025-09-13,received,analysis
81,2025-09-20,analysis,action
81,2025-09-27,action,done
82,2025-09-08,,received
82,2025-09-14,received,analysis
82,2025-09-21,analysis,action
82,2025-09-27,action,done
83,2025-09-10,,received
83,2025-09-16,received,analysis
83,2025-09-23,analysis,action
83,2025-09-29,action,done
84,2025-09-10,,received
84,2025-09-16,received,analysis
84,2025-09-23,analysis,action
84,2025-09-29,action,done
85,2025-09-11,,received
85,2025-09-18,received,analysis
85,2025-09-25,analysis,action
85,2025-10-02,action,done
86,2025-09-12,,received
86,2025-09-18,received,analysis
86,2025-09-25,analysis,action
86,2025-10-01,action,done
87,2025-09-12,,received
87,2025-09-15,received,analysis
87,2025-09-19,analysis,action
87,2025-09-22,action,done
88,2025-09-14,,received
88,2025-09-17,received,analysis
88,2025-09-20,analysis,action
88,2025-09-23,action,done
89,2025-09-18,,received
89,2025-09-25,received,analysis
89,2025-10-02,analysis,action
89,2025-10-09,action,done
90,2025-09-18,,received
90,2025-09-24,received,analysis
90,2025-09-29,analysis,action
90,2025-10-05,action,done
91,2025-09-19,,received
91,2025-10-02,received,analysis
91,2025-10-15,analysis,action
91,2025-10-28,action,done
92,2025-09-22,,received
92,2025-09-29,received,analysis
92,2025-10-06,analysis,action
92,2025-10-13,action,done
93,2025-09-23,,received
93,2025-10-02,received,analysis
93,2025-10-10,analysis,action
93,2025-10-19,action,done
94,2025-09-23,,received
94,2025-10-03,received,analysis
94,2025-10-13,analysis,action
94,2025-10-23,action,done
95,2025-09-24,,received
95,2025-09-28,received,analysis
95,2025-10-02,analysis,action
95,2025-10-06,action,done
96,2025-09-24,,received
96,2025-10-02,received,analysis
96,2025-10-10,analysis,action
96,2025-10-18,action,done
97,2025-09-24,,received
97,2025-09-30,received,analysis
97,2025-10-07,analysis,action
97,2025-10-13,action,done
98,2025-09-26,,received
98,2025-09-28,received,analysis
98,2025-09-30,analysis,action
98,2025-10-02,action,done
99,2025-09-27,,received
99,2025-09-29,received,analysis
99,2025-10-01,analysis,action
99,2025-10-03,action,done
100,2025-09-27,,received
100,2025-10-02,received,analysis
100,2025-10-06,analysis,action
100,2025-10-11,action,done
101,2025-09-28,,received
101,2025-09-30,received,analysis
101,2025-10-01,analysis,action
101,2025-10-03,action,done
102,2025-09-28,,received
102,2025-10-01,received,analysis
102,2025-10-05,analysis,action
102,2025-10-08,action,done
103,2025-09-28,,received
103,2025-10-09,received,analysis
103,2025-10-20,analysis,action
103,2025-10-31,action,done
104,2025-09-30,,received
104,2025-10-04,received,analysis
104,2025-10-07,analysis,action
104,2025-10-11,action,done
105,2025-10-01,,received
105,2025-10-08,received,analysis
105,2025-10-14,analysis,action
105,2025-10-21,action,done
106,2025-10-01,,received
106,2025-10-09,received,analysis
106,2025-10-16,analysis,action
106,2025-10-24,action,done
107,2025-10-03,,received
107,2025-10-09,received,analysis
107,2025-10-15,analysis,action
107,2025-10-21,action,done
108,2025-10-03,,received
108,2025-10-09,received,analysis
108,2025-10-14,analysis,action
108,2025-10-20,action,done
109,2025-10-04,,received
109,2025-10-06,received,analysis
109,2025-10-08,analysis,action
109,2025-10-10,action,done
110,2025-10-05,,received
110,2025-10-09,received,analysis
110,2025-10-14,analysis,action
110,2025-10-18,action,done
111,2025-10-05,,received
111,2025-10-08,received,analysis
111,2025-10-10,analysis,action
111,2025-10-13,action,done
112,2025-10-05,,received
112,2025-10-11,received,analysis
112,2025-10-18,analysis,action
112,2025-10-24,action,done
113,2025-10-06,,received
113,2025-10-12,received,analysis
113,2025-10-17,analysis,action
113,2025-10-23,action,done
114,2025-10-07,,received
114,2025-10-19,received,analysis
114,2025-10-30,analysis,action
114,2025-11-11,action,done
115,2025-10-07,,received
115,2025-10-12,received,analysis
115,2025-10-18,analysis,action
115,2025-10-23,action,done
116,2025-10-07,,received
116,2025-10-14,received,analysis
116,2025-10-22,analysis,action
116,2025-10-29,action,done
117,2025-10-08,,received
117,2025-10-13,received,analysis
117,2025-10-18,analysis,action
117,2025-10-23,action,done
118,2025-10-08,,received
118,2025-10-12,received,analysis
118,2025-10-15,analysis,action
118,2025-10-19,action,done
119,2025-10-09,,received
119,2025-10-11,received,analysis
119,2025-10-12,analysis,action
119,2025-10-14,action,done
120,2025-10-10,,received
120,2025-10-14,received,analysis
120,2025-10-19,analysis,action
120,2025-10-23,action,done
121,2025-10-11,,received
121,2025-10-24,received,analysis
121,2025-11-07,analysis,action
121,2025-11-20,action,done
122,2025-10-13,,received
122,2025-10-20,received,analysis
122,2025-10-26,analysis,action
122,2025-11-02,action,done
123,2025-10-13,,received
123,2025-10-17,received,analysis
123,2025-10-22,analysis,action
123,2025-10-26,action,done
124,2025-10-13,,received
124,2025-10-21,received,analysis
124,2025-10-30,analysis,action
124,2025-11-07,action,done
125,2025-10-13,,received
125,2025-10-14,received,analysis
125,2025-10-14,analysis,action
125,2025-10-15,action,done
126,2025-10-14,,received
126,2025-10-19,received,analysis
126,2025-10-25,analysis,action
126,2025-10-30,action,done
127,2025-10-14,,received
127,2025-10-19,received,analysis
127,2025-10-25,analysis,action
127,2025-10-30,action,done
128,2025-10-15,,received
128,2025-10-27,received,analysis
128,2025-11-07,analysis,action
128,2025-11-19,action,done
129,2025-10-15,,received
129,2025-10-20,received,analysis
129,2025-10-25,analysis,action
129,2025-10-30,action,done
130,2025-10-17,,received
130,2025-10-26,received,analysis
130,2025-11-05,analysis,action
130,2025-11-14,action,done
131,2025-10-17,,received
131,2025-10-20,received,analysis
131,2025-10-24,analysis,action
131,2025-10-27,action,done
132,2025-10-19,,received
132,2025-10-23,received,analysis
132,2025-10-28,analysis,action
132,2025-11-01,action,done
133,2025-10-22,,received
133,2025-10-29,received,analysis
133,2025-11-06,analysis,action
133,2025-11-13,action,done
134,2025-10-23,,received
134,2025-10-27,received,analysis
134,2025-10-31,analysis,action
134,2025-11-04,action,done
135,2025-10-23,,received
135,2025-10-28,received,analysis
135,2025-11-02,analysis,action
135,2025-11-07,action,done
136,2025-10-23,,received
136,2025-11-03,received,analysis
136,2025-11-14,analysis,action
136,2025-11-25,action,done
137,2025-10-23,,received
137,2025-10-25,received,analysis
137,2025-10-26,analysis,action
137,2025-10-28,action,done
138,2025-10-24,,received
138,2025-10-31,received,analysis
138,2025-11-06,analysis,action
138,2025-11-13,action,done
139,2025-10-26,,received
139,2025-11-02,received,analysis
139,2025-11-09,analysis,action
139,2025-11-16,action,done
140,2025-10-27,,received
140,2025-10-31,received,analysis
140,2025-11-04,analysis,action
140,2025-11-08,action,done
141,2025-10-27,,received
141,2025-10-29,received,analysis
141,2025-11-01,analysis,action
141,2025-11-03,action,done
142,2025-10-28,,received
142,2025-11-05,received,analysis
142,2025-11-12,analysis,action
142,2025-11-20,action,done
143,2025-10-28,,received
143,2025-11-04,received,analysis
143,2025-11-10,analysis,action
143,2025-11-17,action,done
144,2025-10-29,,received
144,2025-10-31,received,analysis
144,2025-11-01,analysis,action
144,2025-11-03,action,done
145,2025-10-30,,received
145,2025-11-05,received,analysis
145,2025-11-12,analysis,action
145,2025-11-18,action,done
146,2025-10-30,,received
146,2025-11-08,received,analysis
146,2025-11-17,analysis,action
146,2025-11-26,action,done
147,2025-10-31,,received
147,2025-11-06,received,analysis
147,2025-11-13,analysis,action
147,2025-11-19,action,done
148,2025-11-01,,received
148,2025-11-09,received,analysis
148,2025-11-17,analysis,action
148,2025-11-25,action,done
149,2025-11-01,,received
149,2025-11-05,received,analysis
149,2025-11-09,analysis,action
149,2025-11-13,action,done
150,2025-11-02,,received
150,2025-11-07,received,analysis
150,2025-11-12,analysis,action
150,2025-11-17,action,done
151,2025-11-02,,received
151,2025-11-12,received,analysis
151,2025-11-23,analysis,action
151,2025-12-03,action,done
152,2025-11-03,,received
152,2025-11-12,received,analysis
152,2025-11-22,analysis,action
152,2025-12-01,action,done
153,2025-11-03,,received
153,2025-11-08,received,analysis
153,2025-11-12,analysis,action
153,2025-11-17,action,done
154,2025-11-04,,received
154,2025-11-10,received,analysis
154,2025-11-17,analysis,action
154,2025-11-23,action,done
155,2025-11-04,,received
155,2025-11-12,received,analysis
155,2025-11-21,analysis,action
155,2025-11-29,action,done
156,2025-11-04,,received
156,2025-11-09,received,analysis
156,2025-11-15,analysis,action
156,2025-11-20,action,done
157,2025-11-05,,received
157,2025-11-14,received,analysis
157,2025-11-24,analysis,action
157,2025-12-03,action,done
158,2025-11-06,,received
158,2025-11-13,received,analysis
158,2025-11-19,analysis,action
158,2025-11-26,action,done
159,2025-11-06,,received
159,2025-11-14,received,analysis
159,2025-11-21,analysis,action
159,2025-11-29,action,done
160,2025-11-08,,received
160,2025-11-14,received,analysis
160,2025-11-19,analysis,action
160,2025-11-25,action,done
161,2025-11-09,,received
161,2025-11-14,received,analysis
161,2025-11-18,analysis,action
161,2025-11-23,action,done
162,2025-11-09,,received
162,2025-11-17,received,analysis
162,2025-11-24,analysis,action
162,2025-12-02,action,done
163,2025-11-09,,received
163,2025-11-17,received,analysis
163,2025-11-24,analysis,action
163,2025-12-02,action,done
164,2025-11-10,,received
164,2025-11-12,received,analysis
164,2025-11-15,analysis,action
164,2025-11-17,action,done
165,2025-11-10,,received
165,2025-11-20,received,analysis
165,2025-11-30,analysis,action
165,2025-12-10,action,done
166,2025-11-12,,received
166,2025-11-20,received,analysis
166,2025-11-28,analysis,action
166,2025-12-06,action,done
167,2025-11-12,,received
167,2025-11-17,received,analysis
167,2025-11-21,analysis,action
167,2025-11-26,action,done
168,2025-11-13,,received
168,2025-11-19,received,analysis
168,2025-11-24,analysis,action
168,2025-11-30,action,done
169,2025-11-13,,received
169,2025-11-22,received,analysis
169,2025-12-02,analysis,action
169,2025-12-11,action,done
170,2025-11-13,,received
170,2025-11-17,received,analysis
170,2025-11-20,analysis,action
170,2025-11-24,action,done
171,2025-11-15,,received
171,2025-11-26,received,analysis
171,2025-12-08,analysis,action
171,2025-12-19,action,done
172,2025-11-17,,received
172,2025-11-29,received,analysis
172,2025-12-11,analysis,action
172,2025-12-23,action,done
173,2025-11-17,,received
173,2025-11-28,received,analysis
173,2025-12-09,analysis,action
173,2025-12-20,action,done
174,2025-11-20,,received
174,2025-11-25,received,analysis
174,2025-11-29,analysis,action
174,2025-12-04,action,done
175,2025-11-20,,received
175,2025-11-25,received,analysis
175,2025-11-29,analysis,action
175,2025-12-04,action,done
176,2025-11-21,,received
176,2025-11-23,received,analysis
176,2025-11-24,analysis,action
176,2025-11-26,action,done
177,2025-11-22,,received
177,2025-11-28,received,analysis
177,2025-12-05,analysis,action
177,2025-12-11,action,done
178,2025-11-25,,received
178,2025-12-03,received,analysis
178,2025-12-10,analysis,action
178,2025-12-18,action,done
179,2025-11-25,,received
179,2025-12-03,received,analysis
179,2025-12-10,analysis,action
179,2025-12-18,action,done
180,2025-11-27,,received
180,2025-12-02,received,analysis
180,2025-12-06,analysis,action
180,2025-12-11,action,done
181,2025-11-27,,received
181,2025-12-07,received,analysis
181,2025-12-16,analysis,action
181,2025-12-26,action,done
182,2025-11-28,,received
182,2025-12-04,received,analysis
182,2025-12-09,analysis,action
182,2025-12-15,action,done
183,2025-11-28,,received
183,2025-12-07,received,analysis
183,2025-12-15,analysis,action
183,2025-12-24,action,done
184,2025-11-28,,received
184,2025-12-07,received,analysis
184,2025-12-16,analysis,action
184,2025-12-25,action,done
185,2025-11-29,,received
185,2025-12-02,received,analysis
185,2025-12-04,analysis,action
185,2025-12-07,action,done
186,2025-11-29,,received
186,2025-12-06,received,analysis
186,2025-12-14,analysis,action
186,2025-12-21,action,done
187,2025-11-30,,received
187,2025-12-03,received,analysis
187,2025-12-07,analysis,action
187,2025-12-10,action,done
188,2025-12-01,,received
188,2025-12-06,received,analysis
188,2025-12-10,analysis,action
188,2025-12-15,action,done
189,2025-12-02,,received
189,2025-12-06,received,analysis
189,2025-12-11,analysis,action
189,2025-12-15,action,done
190,2025-12-02,,received
190,2025-12-09,received,analysis
190,2025-12-16,analysis,action
190,2025-12-23,action,done
191,2025-12-04,,received
191,2025-12-15,received,analysis
191,2025-12-27,analysis,action
191,2026-01-07,action,done
192,2025-12-05,,received
192,2025-12-11,received,analysis
192,2025-12-16,analysis,action
192,2025-12-22,action,done
193,2025-12-05,,received
193,2025-12-13,received,analysis
193,2025-12-20,analysis,action
193,2025-12-28,action,done
194,2025-12-06,,received
194,2025-12-09,received,analysis
194,2025-12-11,analysis,action
194,2025-12-14,action,done
195,2025-12-06,,received
195,2025-12-10,received,analysis
195,2025-12-14,analysis,action
195,2025-12-18,action,done
196,2025-12-07,,received
196,2025-12-13,received,analysis
196,2025-12-19,analysis,action
196,2025-12-25,action,done
197,2025-12-09,,received
197,2025-12-16,received,analysis
197,2025-12-23,analysis,action
197,2025-12-30,action,done
198,2025-12-12,,received
198,2025-12-26,received,analysis
198,2026-01-09,analysis,action
198,2026-01-23,action,done
199,2025-12-12,,received
199,2025-12-20,received,analysis
199,2025-12-27,analysis,action
199,2026-01-04,action,done
200,2025-12-13,,received
200,2025-12-19,received,analysis
200,2025-12-24,analysis,action
200,2025-12-30,action,done
201,2025-12-13,,received
201,2025-12-24,received,analysis
201,2026-01-05,analysis,action
201,2026-01-16,action,done
202,2025-12-14,,received
202,2025-12-16,received,analysis
202,2025-12-17,analysis,action
202,2025-12-19,action,done
203,2025-12-16,,received
203,2025-12-23,received,analysis
203,2025-12-29,analysis,action
203,2026-01-05,action,done
204,2025-12-19,,received
204,2025-12-25,received,analysis
204,2025-12-31,analysis,action
204,2026-01-06,action,done
205,2025-12-20,,received
205,2025-12-21,received,analysis
205,2025-12-21,analysis,action
205,2025-12-22,action,done
206,2025-12-20,,received
206,2025-12-28,received,analysis
206,2026-01-06,analysis,action
206,2026-01-14,action,done
207,2025-12-21,,received
207,2025-12-24,received,analysis
207,2025-12-26,analysis,action
207,2025-12-29,action,done
208,2025-12-21,,received
208,2025-12-28,received,analysis
208,2026-01-03,analysis,action
208,2026-01-10,action,done
209,2025-12-22,,received
209,2025-12-25,received,analysis
209,2025-12-28,analysis,action
209,2025-12-31,action,done
210,2025-12-24,,received
210,2025-12-31,received,analysis
210,2026-01-07,analysis,action
210,2026-01-14,action,done
211,2025-12-25,,received
211,2025-12-30,received,analysis
211,2026-01-03,analysis,action
211,2026-01-08,action,done
212,2025-12-25,,received
212,2026-01-02,received,analysis
212,2026-01-10,analysis,action
212,2026-01-18,action,done
213,2025-12-26,,received
213,2026-01-02,received,analysis
213,2026-01-10,analysis,action
213,2026-01-17,action,done
214,2025-12-26,,received
214,2026-01-03,received,analysis
214,2026-01-10,analysis,action
214,2026-01-18,action,done
215,2025-12-27,,received
215,2026-01-05,received,analysis
215,2026-01-15,analysis,action
215,2026-01-24,action,done
216,2025-12-27,,received
216,2025-12-30,received,analysis
216,2026-01-03,analysis,action
216,2026-01-06,action,done
217,2025-12-27,,received
217,2026-01-01,received,analysis
217,2026-01-05,analysis,action
217,2026-01-10,action,done
218,2025-12-28,,received
218,2026-01-07,received,analysis
218,2026-01-17,analysis,action
218,2026-01-27,action,done
219,2025-12-28,,received
219,2025-12-31,received,analysis
219,2026-01-03,analysis,action
219,2026-01-06,action,done
220,2025-12-29,,received
220,2026-01-03,received,analysis
220,2026-01-09,analysis,action
220,2026-01-14,action,done
221,2025-12-30,,received
221,2026-01-09,received,analysis
221,2026-01-19,analysis,action
221,2026-01-29,action,done
222,2025-12-30,,received
222,2026-01-02,received,analysis
222,2026-01-05,analysis,action
222,2026-01-08,action,done
223,2025-12-30,,received
223,2026-01-11,received,analysis
223,2026-01-22,analysis,action
223,2026-02-03,action,done
224,2026-01-02,,received
224,2026-01-12,received,analysis
224,2026-01-21,analysis,action
224,2026-01-31,action,done
225,2026-01-02,,received
225,2026-01-08,received,analysis
225,2026-01-14,analysis,action
225,2026-01-20,action,done
226,2026-01-03,,received
226,2026-01-09,received,analysis
226,2026-01-16,analysis,action
226,2026-01-22,action,done
227,2026-01-04,,received
227,2026-01-14,received,analysis
227,2026-01-25,analysis,action
227,2026-02-04,action,done
228,2026-01-04,,received
228,2026-01-13,received,analysis
228,2026-01-21,analysis,action
228,2026-01-30,action,done
229,2026-01-04,,received
229,2026-01-08,received,analysis
229,2026-01-11,analysis,action
229,2026-01-15,action,done
230,2026-01-05,,received
230,2026-01-08,received,analysis
230,2026-01-10,analysis,action
230,2026-01-13,action,done
231,2026-01-05,,received
231,2026-01-10,received,analysis
231,2026-01-15,analysis,action
231,2026-01-20,action,done
232,2026-01-05,,received
232,2026-01-07,received,analysis
232,2026-01-09,analysis,action
232,2026-01-11,action,done
233,2026-01-06,,received
233,2026-01-16,received,analysis
233,2026-01-26,analysis,action
233,2026-02-05,action,done
234,2026-01-06,,received
234,2026-01-14,received,analysis
234,2026-01-21,analysis,action
234,2026-01-29,action,done
235,2026-01-06,,received
235,2026-01-10,received,analysis
235,2026-01-14,analysis,action
235,2026-01-18,action,done
236,2026-01-07,,received
236,2026-01-17,received,analysis
236,2026-01-27,analysis,action
236,2026-02-06,action,done
237,2026-01-11,,received
237,2026-01-14,received,analysis
237,2026-01-18,analysis,action
237,2026-01-21,action,done
238,2026-01-11,,received
238,2026-01-15,received,analysis
238,2026-01-19,analysis,action
238,2026-01-23,action,done
239,2026-01-12,,received
239,2026-01-15,received,analysis
239,2026-01-19,analysis,action
239,2026-01-22,action,done
240,2026-01-13,,received
240,2026-01-20,received,analysis
240,2026-01-26,analysis,action
240,2026-02-02,action,done
241,2026-01-13,,received
241,2026-01-17,received,analysis
241,2026-01-21,analysis,action
241,2026-01-25,action,done
242,2026-01-16,,received
242,2026-01-24,received,analysis
242,2026-02-01,analysis,action
242,2026-02-09,action,done
243,2026-01-16,,received
243,2026-01-23,received,analysis
243,2026-01-30,analysis,action
243,2026-02-06,action,done
244,2026-01-16,,received
244,2026-01-19,received,analysis
244,2026-01-22,analysis,action
244,2026-01-25,action,done
245,2026-01-18,,received
245,2026-01-21,received,analysis
245,2026-01-24,analysis,action
245,2026-01-27,action,done
246,2026-01-18,,received
246,2026-01-21,received,analysis
246,2026-01-24,analysis,action
246,2026-01-27,action,done
247,2026-01-19,,received
247,2026-01-22,received,analysis
247,2026-01-25,analysis,action
247,2026-01-28,action,done
248,2026-01-19,,received
248,2026-01-27,received,analysis
248,2026-02-05,analysis,action
248,2026-02-13,action,done
249,2026-01-22,,received
249,2026-01-28,received,analysis
249,2026-02-02,analysis,action
249,2026-02-08,action,done
250,2026-01-22,,received
250,2026-01-28,received,analysis
250,2026-02-03,analysis,action
250,2026-02-09,action,done
251,2026-01-22,,received
251,2026-01-29,received,analysis
251,2026-02-05,analysis,action
251,2026-02-12,action,done
252,2026-01-23,,received
252,2026-01-26,received,analysis
252,2026-01-29,analysis,action
252,2026-02-01,action,done
253,2026-01-23,,received
253,2026-02-02,received,analysis
253,2026-02-11,analysis,action
253,2026-02-21,action,done
254,2026-01-24,,received
254,2026-01-28,received,analysis
254,2026-01-31,analysis,action
254,2026-02-04,action,done
255,2026-01-24,,received
255,2026-01-26,received,analysis
255,2026-01-28,analysis,action
255,2026-01-30,action,done
256,2026-01-25,,received
256,2026-02-03,received,analysis
256,2026-02-11,analysis,action
256,2026-02-20,action,done
257,2026-01-26,,received
257,2026-01-30,received,analysis
257,2026-02-04,analysis,action
257,2026-02-08,action,done
258,2026-01-27,,received
258,2026-01-31,received,analysis
258,2026-02-05,analysis,action
258,2026-02-09,action,done
259,2026-01-28,,received
259,2026-02-01,received,analysis
259,2026-02-04,analysis,action
259,2026-02-08,action,done
260,2026-01-28,,received
260,2026-02-04,received,analysis
260,2026-02-12,analysis,action
260,2026-02-19,action,done
261,2026-01-29,,received
261,2026-02-05,received,analysis
261,2026-02-12,analysis,action
261,2026-02-19,action,done
262,2026-01-30,,received
262,2026-02-10,received,analysis
262,2026-02-22,analysis,action
262,2026-03-05,action,done
263,2026-01-30,,received
263,2026-02-03,received,analysis
263,2026-02-06,analysis,action
263,2026-02-10,action,done
264,2026-01-31,,received
264,2026-02-02,received,analysis
264,2026-02-03,analysis,action
264,2026-02-05,action,done
265,2026-02-01,,received
265,2026-02-04,received,analysis
265,2026-02-07,analysis,action
265,2026-02-10,action,done
266,2026-02-02,,received
266,2026-02-05,received,analysis
266,2026-02-09,analysis,action
266,2026-02-12,action,done
267,2026-02-03,,received
267,2026-02-09,received,analysis
267,2026-02-16,analysis,action
267,2026-02-22,action,done
268,2026-02-03,,received
268,2026-02-08,received,analysis
268,2026-02-13,analysis,action
268,2026-02-18,action,done
269,2026-02-04,,received
269,2026-02-10,received,analysis
269,2026-02-17,analysis,action
269,2026-02-23,action,done
270,2026-02-06,,received
270,2026-02-11,received,analysis
270,2026-02-16,analysis,action
270,2026-02-21,action,done
271,2026-02-07,,received
271,2026-02-13,received,analysis
271,2026-02-18,analysis,action
271,2026-02-24,action,done
272,2026-02-08,,received
272,2026-02-19,received,analysis
272,2026-03-01,analysis,action
272,2026-03-12,action,done
273,2026-02-09,,received
273,2026-02-10,received,analysis
273,2026-02-11,analysis,action
273,2026-02-12,action,done
274,2026-02-09,,received
274,2026-02-18,received,analysis
274,2026-02-28,analysis,action
274,2026-03-09,action,done
275,2026-02-10,,received
275,2026-02-17,received,analysis
275,2026-02-24,analysis,action
275,2026-03-03,action,done
276,2026-02-12,,received
276,2026-02-17,received,analysis
276,2026-02-21,analysis,action
276,2026-02-26,action,done
277,2026-02-13,,received
277,2026-02-20,received,analysis
277,2026-02-26,analysis,action
277,2026-03-05,action,done
278,2026-02-14,,received
278,2026-02-23,received,analysis
278,2026-03-03,analysis,action
278,2026-03-12,action,done
279,2026-02-14,,received
279,2026-02-20,received,analysis
279,2026-02-27,analysis,action
279,2026-03-05,action,done
280,2026-02-15,,received
280,2026-02-19,received,analysis
280,2026-02-22,analysis,action
280,2026-02-26,action,done
281,2026-02-16,,received
281,2026-02-22,received,analysis
281,2026-03-01,analysis,action
281,2026-03-07,action,done
282,2026-02-17,,received
282,2026-02-19,received,analysis
282,2026-02-22,analysis,action
282,2026-02-24,action,done
283,2026-02-20,,received
283,2026-02-26,received,analysis
283,2026-03-05,analysis,action
283,2026-03-11,action,done
284,2026-02-20,,received
284,2026-03-01,received,analysis
284,2026-03-11,analysis,action
284,2026-03-20,action,done
285,2026-02-22,,received
285,2026-03-05,received,analysis
285,2026-03-16,analysis,action
285,2026-03-27,action,done
286,2026-02-22,,received
286,2026-02-26,received,analysis
286,2026-03-01,analysis,action
286,2026-03-05,action,done
287,2026-02-24,,received
287,2026-03-02,received,analysis
287,2026-03-08,analysis,action
287,2026-03-14,action,done
288,2026-02-25,,received
288,2026-03-04,received,analysis
288,2026-03-10,analysis,action
288,2026-03-17,action,done
289,2026-02-26,,received
289,2026-03-05,received,analysis
289,2026-03-11,analysis,action
289,2026-03-18,action,done
290,2026-02-26,,received
290,2026-03-04,received,analysis
290,2026-03-09,analysis,action
290,2026-03-15,action,done
291,2026-02-28,,received
291,2026-03-09,received,analysis
291,2026-03-17,analysis,action
291,2026-03-26,action,done
292,2026-03-06,,received
292,2026-03-14,received,analysis
292,2026-03-22,analysis,action
292,2026-03-30,action,done
293,2026-03-06,,received
293,2026-03-11,received,analysis
293,2026-03-15,analysis,action
293,2026-03-20,action,done
294,2026-03-07,,received
294,2026-03-15,received,analysis
294,2026-03-24,analysis,action
294,2026-04-01,action,done
295,2026-03-07,,received
295,2026-03-14,received,analysis
295,2026-03-20,analysis,action
295,2026-03-27,action,done
296,2026-03-09,,received
296,2026-03-20,received,analysis
296,2026-04-01,analysis,action
296,2026-04-12,action,done
297,2026-03-09,,received
297,2026-03-17,received,analysis
297,2026-03-25,analysis,action
297,2026-04-02,action,done
298,2026-03-10,,received
298,2026-03-19,received,analysis
298,2026-03-28,analysis,action
298,2026-04-06,action,done
299,2026-03-11,,received
299,2026-03-19,received,analysis
299,2026-03-28,analysis,action
299,2026-04-05,action,done
300,2026-03-14,,received
300,2026-03-20,received,analysis
300,2026-03-26,analysis,action
300,2026-04-01,action,done
301,2026-03-15,,received
301,2026-03-18,received,analysis
301,2026-03-20,analysis,action
301,2026-03-23,action,done
302,2026-03-15,,received
302,2026-03-16,received,analysis
302,2026-03-16,analysis,action
302,2026-03-17,action,done
303,2026-03-16,,received
303,2026-03-25,received,analysis
303,2026-04-02,analysis,action
303,2026-04-11,action,done
304,2026-03-17,,received
304,2026-03-19,received,analysis
304,2026-03-20,analysis,action
304,2026-03-22,action,done
305,2026-03-17,,received
305,2026-03-26,received,analysis
305,2026-04-03,analysis,action
305,2026-04-12,action,done
306,2026-03-19,,received
306,2026-03-24,received,analysis
306,2026-03-29,analysis,action
306,2026-04-03,action,done
307,2026-03-21,,received
307,2026-03-26,received,analysis
307,2026-03-30,analysis,action
307,2026-04-04,action,done
308,2026-03-23,,received
308,2026-03-24,received,analysis
308,2026-03-26,analysis,action
308,2026-03-27,action,done
309,2026-03-24,,received
309,2026-03-29,received,analysis
309,2026-04-04,analysis,action
309,2026-04-09,action,done
310,2026-03-26,,received
310,2026-03-30,received,analysis
310,2026-04-04,analysis,action
310,2026-04-08,action,done
311,2026-03-26,,received
311,2026-03-31,received,analysis
311,2026-04-05,analysis,action
311,2026-04-10,action,done
312,2026-03-26,,received
312,2026-04-05,received,analysis
312,2026-04-14,analysis,action
312,2026-04-24,action,done
313,2026-03-28,,received
313,2026-04-06,received,analysis
313,2026-04-15,analysis,action
313,2026-04-24,action,done
314,2026-03-28,,received
314,2026-04-10,received,analysis
314,2026-04-22,analysis,action
314,2026-05-05,action,done
315,2026-04-01,,received
315,2026-04-08,received,analysis
315,2026-04-15,analysis,action
315,2026-04-22,action,done
316,2026-04-01,,received
316,2026-04-06,received,analysis
316,2026-04-12,analysis,action
316,2026-04-17,action,done
317,2026-04-01,,received
317,2026-04-02,received,analysis
317,2026-04-02,analysis,action
317,2026-04-03,action,done
318,2026-04-03,,received
318,2026-04-12,received,analysis
318,2026-04-22,analysis,action
318,2026-05-01,action,done
319,2026-04-04,,received
319,2026-04-07,received,analysis
319,2026-04-10,analysis,action
319,2026-04-13,action,done
320,2026-04-06,,received
320,2026-04-14,received,analysis
320,2026-04-23,analysis,action
320,2026-05-01,action,done
321,2026-04-07,,received
321,2026-04-13,received,analysis
321,2026-04-20,analysis,action
321,2026-04-26,action,done
322,2026-04-07,,received
322,2026-04-17,received,analysis
322,2026-04-27,analysis,action
322,2026-05-07,action,done
323,2026-04-08,,received
323,2026-04-15,received,analysis
323,2026-04-22,analysis,action
323,2026-04-29,action,done
324,2026-04-10,,received
324,2026-04-23,received,analysis
324,2026-05-06,analysis,action
324,2026-05-19,action,done
325,2026-04-11,,received
325,2026-04-13,received,analysis
325,2026-04-16,analysis,action
325,2026-04-18,action,done
326,2026-04-12,,received
326,2026-04-21,received,analysis
326,2026-04-29,analysis,action
326,2026-05-08,action,done
327,2026-04-13,,received
327,2026-04-15,received,analysis
327,2026-04-18,analysis,action
327,2026-04-20,action,done
328,2026-04-13,,received
328,2026-04-21,received,analysis
328,2026-04-29,analysis,action
328,2026-05-07,action,done
329,2026-04-14,,received
329,2026-04-17,received,analysis
329,2026-04-19,analysis,action
329,2026-04-22,action,done
330,2026-04-16,,received
330,2026-04-22,received,analysis
330,2026-04-27,analysis,action
330,2026-05-03,action,done
331,2026-04-17,,received
331,2026-04-28,received,analysis
331,2026-05-09,analysis,action
331,2026-05-20,action,done
332,2026-04-17,,received
332,2026-04-24,received,analysis
332,2026-04-30,analysis,action
332,2026-05-07,action,done
333,2026-04-18,,received
333,2026-04-26,received,analysis
333,2026-05-05,analysis,action
333,2026-05-13,action,done
334,2026-04-18,,received
334,2026-04-25,received,analysis
334,2026-05-02,analysis,action
334,2026-05-09,action,done
335,2026-04-18,,received
335,2026-04-25,received,analysis
335,2026-05-02,analysis,action
335,2026-05-09,action,done
336,2026-04-18,,received
336,2026-04-27,received,analysis
336,2026-05-06,analysis,action
336,2026-05-15,action,done
337,2026-04-20,,received
337,2026-04-27,received,analysis
337,2026-05-03,analysis,action
337,2026-05-10,action,done
338,2026-04-21,,received
338,2026-04-29,received,analysis
338,2026-05-07,analysis,action
338,2026-05-15,action,done
339,2026-04-22,,received
339,2026-04-30,received,analysis
339,2026-05-07,analysis,action
339,2026-05-15,action,done
340,2026-04-24,,received
340,2026-05-01,received,analysis
340,2026-05-08,analysis,action
340,2026-05-15,action,done
341,2026-04-24,,received
341,2026-05-02,received,analysis
341,2026-05-10,analysis,action
341,2026-05-18,action,done
342,2026-04-25,,received
342,2026-05-04,received,analysis
342,2026-05-14,analysis,action
342,2026-05-23,action,done
343,2026-04-26,,received
343,2026-05-01,received,analysis
343,2026-05-06,analysis,action
343,2026-05-11,action,done
344,2026-04-26,,received
344,2026-04-30,received,analysis
344,2026-05-03,analysis,action
344,2026-05-07,action,done
345,2026-04-26,,received
345,2026-04-30,received,analysis
345,2026-05-04,analysis,action
345,2026-05-08,action,done
346,2026-04-26,,received
346,2026-05-05,received,analysis
346,2026-05-15,analysis,action
346,2026-05-24,action,done
347,2026-04-27,,received
347,2026-05-02,received,analysis
347,2026-05-08,analysis,action
347,2026-05-13,action,done
348,2026-04-27,,received
348,2026-05-07,received,analysis
348,2026-05-16,analysis,action
348,2026-05-26,action,done
349,2026-04-28,,received
349,2026-05-11,received,analysis
349,2026-05-23,analysis,action
349,2026-06-05,action,done
350,2026-04-30,,received
350,2026-05-08,received,analysis
350,2026-05-17,analysis,action
350,2026-05-25,action,done
351,2026-05-01,,received
351,2026-05-07,received,analysis
351,2026-05-13,analysis,action
351,2026-05-19,action,done
352,2026-05-01,,received
352,2026-05-06,received,analysis
352,2026-05-11,analysis,action
352,2026-05-16,action,done
353,2026-05-01,,received
353,2026-05-08,received,analysis
353,2026-05-16,analysis,action
353,2026-05-23,action,done
354,2026-05-01,,received
354,2026-05-04,received,analysis
354,2026-05-08,analysis,action
354,2026-05-11,action,done
355,2026-05-02,,received
355,2026-05-10,received,analysis
355,2026-05-19,analysis,action
355,2026-05-27,action,done
356,2026-05-05,,received
356,2026-05-10,received,analysis
356,2026-05-15,analysis,action
356,2026-05-20,action,done
357,2026-05-05,,received
357,2026-05-17,received,analysis
357,2026-05-28,analysis,action
357,2026-06-09,action,done
358,2026-05-06,,received
358,2026-05-15,received,analysis
358,2026-05-24,analysis,action
358,2026-06-02,action,done
359,2026-05-08,,received
359,2026-05-10,received,analysis
359,2026-05-12,analysis,action
359,2026-05-14,action,done
360,2026-05-10,,received
360,2026-05-18,received,analysis
360,2026-05-27,analysis,action
360,2026-06-04,action,done
361,2026-05-11,,received
361,2026-05-13,received,analysis
361,2026-05-16,analysis,action
361,2026-05-18,action,done
362,2026-05-12,,received
362,2026-05-18,received,analysis
362,2026-05-23,analysis,action
362,2026-05-29,action,done
363,2026-05-12,,received
363,2026-05-18,received,analysis
363,2026-05-23,analysis,action
363,2026-05-29,action,done
364,2026-05-12,,received
364,2026-05-20,received,analysis
364,2026-05-29,analysis,action
364,2026-06-06,action,done
365,2026-05-13,,received
365,2026-06-08,received,analysis
365,2026-07-05,analysis,action
366,2026-05-13,,received
366,2026-05-19,received,analysis
366,2026-05-24,analysis,action
366,2026-05-30,action,done
367,2026-05-13,,received
367,2026-05-26,received,analysis
367,2026-06-09,analysis,action
367,2026-06-22,action,done
368,2026-05-13,,received
368,2026-06-08,received,analysis
368,2026-07-04,analysis,action
369,2026-05-13,,received
369,2026-05-22,received,analysis
369,2026-05-30,analysis,action
369,2026-06-08,action,done
370,2026-05-13,,received
370,2026-05-31,received,analysis
370,2026-06-17,analysis,action
371,2026-05-13,,received
371,2026-06-04,received,analysis
371,2026-06-26,analysis,action
372,2026-05-13,,received
372,2026-05-23,received,analysis
372,2026-06-03,analysis,action
373,2026-05-13,,received
373,2026-05-27,received,analysis
373,2026-06-09,analysis,action
374,2026-05-13,,received
374,2026-06-08,received,analysis
374,2026-07-05,analysis,action
375,2026-05-14,,received
375,2026-05-19,received,analysis
375,2026-05-25,analysis,action
375,2026-05-30,action,done
376,2026-05-14,,received
376,2026-05-21,received,analysis
376,2026-05-28,analysis,action
376,2026-06-04,action,done
377,2026-05-14,,received
377,2026-05-24,received,analysis
377,2026-06-02,analysis,action
378,2026-05-14,,received
378,2026-05-24,received,analysis
378,2026-06-04,analysis,action
379,2026-05-14,,received
379,2026-06-02,received,analysis
379,2026-06-21,analysis,action
380,2026-05-14,,received
380,2026-05-22,received,analysis
380,2026-05-31,analysis,action
380,2026-06-08,action,done
381,2026-05-15,,received
381,2026-06-10,received,analysis
381,2026-07-07,analysis,action
382,2026-05-15,,received
382,2026-05-25,received,analysis
382,2026-06-03,analysis,action
383,2026-05-15,,received
383,2026-05-22,received,analysis
383,2026-05-29,analysis,action
384,2026-05-15,,received
384,2026-05-21,received,analysis
384,2026-05-27,analysis,action
385,2026-05-15,,received
385,2026-06-02,received,analysis
385,2026-06-21,analysis,action
386,2026-05-15,,received
386,2026-05-19,received,analysis
386,2026-05-24,analysis,action
387,2026-05-15,,received
387,2026-05-20,received,analysis
387,2026-05-26,analysis,action
387,2026-05-31,action,done
388,2026-05-15,,received
388,2026-05-19,received,analysis
388,2026-05-22,analysis,action
389,2026-05-15,,received
389,2026-05-16,received,analysis
389,2026-05-17,analysis,action
390,2026-05-15,,received
390,2026-05-26,received,analysis
390,2026-06-06,analysis,action
391,2026-05-15,,received
391,2026-05-23,received,analysis
391,2026-05-31,analysis,action
391,2026-06-08,action,done
392,2026-05-15,,received
392,2026-05-19,received,analysis
392,2026-05-22,analysis,action
393,2026-05-15,,received
393,2026-05-24,received,analysis
393,2026-06-02,analysis,action
393,2026-06-11,action,done
394,2026-05-16,,received
394,2026-06-03,received,analysis
394,2026-06-20,analysis,action
395,2026-05-16,,received
395,2026-05-20,received,analysis
395,2026-05-25,analysis,action
396,2026-05-16,,received
396,2026-05-27,received,analysis
396,2026-06-07,analysis,action
397,2026-05-16,,received
397,2026-06-01,received,analysis
397,2026-06-16,analysis,action
398,2026-05-16,,received
398,2026-06-01,received,analysis
398,2026-06-16,analysis,action
399,2026-05-17,,received
399,2026-05-29,received,analysis
399,2026-06-11,analysis,action
400,2026-05-17,,received
400,2026-05-22,received,analysis
400,2026-05-27,analysis,action
400,2026-06-01,action,done
401,2026-05-17,,received
401,2026-05-24,received,analysis
401,2026-05-31,analysis,action
402,2026-05-17,,received
402,2026-06-10,received,analysis
402,2026-07-05,analysis,action
403,2026-05-17,,received
403,2026-05-31,received,analysis
403,2026-06-14,analysis,action
404,2026-05-17,,received
404,2026-05-23,received,analysis
404,2026-05-28,analysis,action
405,2026-05-18,,received
405,2026-05-26,received,analysis
405,2026-06-03,analysis,action
406,2026-05-18,,received
406,2026-05-26,received,analysis
406,2026-06-02,analysis,action
407,2026-05-18,,received
407,2026-06-05,received,analysis
407,2026-06-24,analysis,action
408,2026-05-18,,received
408,2026-06-08,received,analysis
408,2026-06-29,analysis,action
409,2026-05-18,,received
409,2026-06-03,received,analysis
409,2026-06-18,analysis,action
410,2026-05-18,,received
410,2026-06-04,received,analysis
410,2026-06-21,analysis,action
411,2026-05-18,,received
411,2026-05-24,received,analysis
411,2026-05-31,analysis,action
412,2026-05-18,,received
412,2026-06-09,received,analysis
412,2026-06-30,analysis,action
413,2026-05-18,,received
413,2026-05-23,received,analysis
413,2026-05-27,analysis,action
413,2026-06-01,action,done
414,2026-05-19,,received
414,2026-05-24,received,analysis
414,2026-05-29,analysis,action
414,2026-06-03,action,done
415,2026-05-19,,received
415,2026-05-24,received,analysis
415,2026-05-29,analysis,action
416,2026-05-20,,received
416,2026-05-30,received,analysis
416,2026-06-10,analysis,action
417,2026-05-20,,received
417,2026-05-22,received,analysis
417,2026-05-25,analysis,action
418,2026-05-20,,received
418,2026-06-09,received,analysis
418,2026-06-29,analysis,action
419,2026-05-20,,received
419,2026-05-30,received,analysis
419,2026-06-08,analysis,action
420,2026-05-20,,received
420,2026-05-24,received,analysis
420,2026-05-29,analysis,action
420,2026-06-02,action,done
421,2026-05-20,,received
421,2026-05-24,received,analysis
421,2026-05-28,analysis,action
422,2026-05-20,,received
422,2026-06-13,received,analysis
422,2026-07-06,analysis,action
423,2026-05-21,,received
423,2026-05-31,received,analysis
423,2026-06-09,analysis,action
424,2026-05-21,,received
424,2026-05-31,received,analysis
424,2026-06-09,analysis,action
424,2026-06-19,action,done
425,2026-05-21,,received
425,2026-05-26,received,analysis
425,2026-05-31,analysis,action
426,2026-05-21,,received
426,2026-06-02,received,analysis
426,2026-06-15,analysis,action
427,2026-05-21,,received
427,2026-06-02,received,analysis
427,2026-06-13,analysis,action
428,2026-05-21,,received
428,2026-06-13,received,analysis
428,2026-07-06,analysis,action
429,2026-05-21,,received
429,2026-05-27,received,analysis
429,2026-06-03,analysis,action
430,2026-05-21,,received
430,2026-06-02,received,analysis
430,2026-06-15,analysis,action
431,2026-05-21,,received
431,2026-06-12,received,analysis
431,2026-07-04,analysis,action
432,2026-05-21,,received
432,2026-05-30,received,analysis
432,2026-06-09,analysis,action
432,2026-06-18,action,done
433,2026-05-22,,received
433,2026-05-30,received,analysis
433,2026-06-06,analysis,action
434,2026-05-22,,received
434,2026-06-14,received,analysis
434,2026-07-07,analysis,action
435,2026-05-22,,received
435,2026-06-03,received,analysis
435,2026-06-14,analysis,action
435,2026-06-26,action,done
436,2026-05-22,,received
436,2026-05-27,received,analysis
436,2026-06-02,analysis,action
436,2026-06-07,action,done
437,2026-05-22,,received
437,2026-05-23,received,analysis
437,2026-05-24,analysis,action
438,2026-05-22,,received
438,2026-05-22,received,analysis
438,2026-05-23,analysis,action
439,2026-05-23,,received
439,2026-05-27,received,analysis
439,2026-05-30,analysis,action
440,2026-05-23,,received
440,2026-06-04,received,analysis
440,2026-06-16,analysis,action
441,2026-05-23,,received
441,2026-05-27,received,analysis
441,2026-05-30,analysis,action
442,2026-05-23,,received
442,2026-05-31,received,analysis
442,2026-06-08,analysis,action
442,2026-06-16,action,done
443,2026-05-23,,received
443,2026-05-29,received,analysis
443,2026-06-03,analysis,action
444,2026-05-23,,received
444,2026-06-09,received,analysis
444,2026-06-26,analysis,action
445,2026-05-23,,received
445,2026-06-10,received,analysis
445,2026-06-29,analysis,action
446,2026-05-23,,received
446,2026-06-04,received,analysis
446,2026-06-15,analysis,action
447,2026-05-23,,received
447,2026-05-25,received,analysis
447,2026-05-27,analysis,action
448,2026-05-24,,received
448,2026-05-30,received,analysis
448,2026-06-05,analysis,action
448,2026-06-11,action,done
449,2026-05-24,,received
449,2026-05-28,received,analysis
449,2026-05-31,analysis,action
449,2026-06-04,action,done
450,2026-05-24,,received
450,2026-06-13,received,analysis
450,2026-07-03,analysis,action
451,2026-05-24,,received
451,2026-06-13,received,analysis
451,2026-07-04,analysis,action
452,2026-05-25,,received
452,2026-06-01,received,analysis
452,2026-06-08,analysis,action
453,2026-05-25,,received
453,2026-06-06,received,analysis
453,2026-06-17,analysis,action
454,2026-05-25,,received
454,2026-05-29,received,analysis
454,2026-06-03,analysis,action
455,2026-05-25,,received
455,2026-06-14,received,analysis
455,2026-07-04,analysis,action
456,2026-05-25,,received
456,2026-06-16,received,analysis
456,2026-07-07,analysis,action
457,2026-05-25,,received
457,2026-05-27,received,analysis
457,2026-05-29,analysis,action
458,2026-05-25,,received
458,2026-05-30,received,analysis
458,2026-06-04,analysis,action
458,2026-06-09,action,done
459,2026-05-25,,received
459,2026-06-04,received,analysis
459,2026-06-15,analysis,action
460,2026-05-26,,received
460,2026-05-26,received,analysis
460,2026-05-27,analysis,action
461,2026-05-26,,received
461,2026-06-03,received,analysis
461,2026-06-11,analysis,action
462,2026-05-26,,received
462,2026-06-03,received,analysis
462,2026-06-12,analysis,action
463,2026-05-26,,received
463,2026-06-09,received,analysis
463,2026-06-24,analysis,action
464,2026-05-26,,received
464,2026-06-01,received,analysis
464,2026-06-08,analysis,action
465,2026-05-26,,received
465,2026-06-11,received,analysis
465,2026-06-26,analysis,action
466,2026-05-26,,received
466,2026-06-11,received,analysis
466,2026-06-28,analysis,action
467,2026-05-26,,received
467,2026-06-13,received,analysis
467,2026-06-30,analysis,action
468,2026-05-26,,received
468,2026-06-13,received,analysis
468,2026-07-02,analysis,action
469,2026-05-26,,received
469,2026-06-03,received,analysis
469,2026-06-10,analysis,action
470,2026-05-27,,received
470,2026-06-04,received,analysis
470,2026-06-11,analysis,action
470,2026-06-19,action,done
471,2026-05-27,,received
471,2026-06-03,received,analysis
471,2026-06-10,analysis,action
472,2026-05-27,,received
472,2026-06-07,received,analysis
472,2026-06-18,analysis,action
473,2026-05-27,,received
473,2026-06-04,received,analysis
473,2026-06-12,analysis,action
474,2026-05-27,,received
474,2026-06-11,received,analysis
474,2026-06-26,analysis,action
475,2026-05-28,,received
475,2026-06-12,received,analysis
475,2026-06-27,analysis,action
476,2026-05-28,,received
476,2026-06-16,received,analysis
476,2026-07-05,analysis,action
477,2026-05-29,,received
477,2026-05-31,received,analysis
477,2026-06-02,analysis,action
478,2026-05-29,,received
478,2026-06-04,received,analysis
478,2026-06-11,analysis,action
479,2026-05-29,,received
479,2026-06-15,received,analysis
479,2026-07-02,analysis,action
480,2026-05-29,,received
480,2026-06-14,received,analysis
480,2026-07-01,analysis,action
481,2026-05-29,,received
481,2026-06-02,received,analysis
481,2026-06-07,analysis,action
482,2026-05-29,,received
482,2026-06-08,received,analysis
482,2026-06-19,analysis,action
483,2026-05-30,,received
483,2026-06-10,received,analysis
483,2026-06-21,analysis,action
484,2026-05-30,,received
484,2026-06-07,received,analysis
484,2026-06-16,analysis,action
485,2026-05-30,,received
485,2026-06-01,received,analysis
485,2026-06-03,analysis,action
486,2026-05-30,,received
486,2026-06-11,received,analysis
486,2026-06-23,analysis,action
486,2026-07-05,action,done
487,2026-05-30,,received
487,2026-06-17,received,analysis
487,2026-07-04,analysis,action
488,2026-05-30,,received
488,2026-06-15,received,analysis
488,2026-07-01,analysis,action
489,2026-05-31,,received
489,2026-06-02,received,analysis
489,2026-06-03,analysis,action
490,2026-05-31,,received
490,2026-06-04,received,analysis
490,2026-06-09,analysis,action
491,2026-05-31,,received
491,2026-06-02,received,analysis
491,2026-06-05,analysis,action
492,2026-05-31,,received
492,2026-06-16,received,analysis
492,2026-07-02,analysis,action
493,2026-06-01,,received
493,2026-06-11,received,analysis
493,2026-06-22,analysis,action
494,2026-06-01,,received
494,2026-06-10,received,analysis
494,2026-06-18,analysis,action
494,2026-06-27,action,done
495,2026-06-01,,received
495,2026-06-06,received,analysis
495,2026-06-11,analysis,action
496,2026-06-01,,received
496,2026-06-19,received,analysis
496,2026-07-06,analysis,action
497,2026-06-01,,received
497,2026-06-05,received,analysis
497,2026-06-10,analysis,action
498,2026-06-02,,received
498,2026-06-16,received,analysis
498,2026-07-01,analysis,action
499,2026-06-02,,received
499,2026-06-08,received,analysis
499,2026-06-13,analysis,action
500,2026-06-03,,received
500,2026-06-03,received,analysis
500,2026-06-04,analysis,action
501,2026-06-03,,received
501,2026-06-09,received,analysis
501,2026-06-14,analysis,action
502,2026-06-03,,received
502,2026-06-05,received,analysis
502,2026-06-08,analysis,action
503,2026-06-03,,received
503,2026-06-15,received,analysis
503,2026-06-26,analysis,action
504,2026-06-03,,received
504,2026-06-17,received,analysis
504,2026-07-02,analysis,action
505,2026-06-03,,received
505,2026-06-13,received,analysis
505,2026-06-24,analysis,action
506,2026-06-03,,received
506,2026-06-20,received,analysis
506,2026-07-07,analysis,action
507,2026-06-03,,received
507,2026-06-16,received,analysis
507,2026-06-29,analysis,action
508,2026-06-04,,received
508,2026-06-06,received,analysis
508,2026-06-08,analysis,action
509,2026-06-04,,received
509,2026-06-07,received,analysis
509,2026-06-10,analysis,action
510,2026-06-04,,received
510,2026-06-18,received,analysis
510,2026-07-03,analysis,action
511,2026-06-04,,received
511,2026-06-10,received,analysis
511,2026-06-16,analysis,action
512,2026-06-04,,received
512,2026-06-16,received,analysis
512,2026-06-27,analysis,action
513,2026-06-04,,received
513,2026-06-20,received,analysis
513,2026-07-06,analysis,action
514,2026-06-04,,received
514,2026-06-04,received,analysis
514,2026-06-05,analysis,action
515,2026-06-04,,received
515,2026-06-05,received,analysis
515,2026-06-06,analysis,action
516,2026-06-04,,received
516,2026-06-10,received,analysis
516,2026-06-15,analysis,action
517,2026-06-04,,received
517,2026-06-15,received,analysis
517,2026-06-26,analysis,action
517,2026-07-07,action,done
518,2026-06-04,,received
518,2026-06-14,received,analysis
518,2026-06-23,analysis,action
519,2026-06-04,,received
519,2026-06-14,received,analysis
519,2026-06-24,analysis,action
519,2026-07-04,action,done
520,2026-06-05,,received
520,2026-06-11,received,analysis
520,2026-06-18,analysis,action
521,2026-06-05,,received
521,2026-06-19,received,analysis
521,2026-07-03,analysis,action
522,2026-06-05,,received
522,2026-06-15,received,analysis
522,2026-06-25,analysis,action
523,2026-06-05,,received
523,2026-06-11,received,analysis
523,2026-06-18,analysis,action
524,2026-06-05,,received
524,2026-06-14,received,analysis
524,2026-06-23,analysis,action
525,2026-06-05,,received
525,2026-06-09,received,analysis
525,2026-06-13,analysis,action
526,2026-06-05,,received
526,2026-06-06,received,analysis
526,2026-06-08,analysis,action
526,2026-06-09,action,done
527,2026-06-05,,received
527,2026-06-10,received,analysis
527,2026-06-15,analysis,action
528,2026-06-06,,received
528,2026-06-14,received,analysis
528,2026-06-23,analysis,action
528,2026-07-01,action,done
529,2026-06-06,,received
529,2026-06-20,received,analysis
529,2026-07-05,analysis,action
530,2026-06-06,,received
530,2026-06-16,received,analysis
530,2026-06-27,analysis,action
530,2026-07-07,action,done
531,2026-06-06,,received
531,2026-06-08,received,analysis
531,2026-06-11,analysis,action
532,2026-06-06,,received
532,2026-06-11,received,analysis
532,2026-06-16,analysis,action
533,2026-06-06,,received
533,2026-06-18,received,analysis
533,2026-06-30,analysis,action
534,2026-06-06,,received
534,2026-06-18,received,analysis
534,2026-06-30,analysis,action
535,2026-06-06,,received
535,2026-06-20,received,analysis
535,2026-07-03,analysis,action
536,2026-06-07,,received
536,2026-06-13,received,analysis
537,2026-06-07,,received
537,2026-06-09,received,analysis
537,2026-06-11,analysis,action
538,2026-06-07,,received
538,2026-06-15,received,analysis
538,2026-06-22,analysis,action
539,2026-06-07,,received
539,2026-06-24,received,analysis
540,2026-06-07,,received
540,2026-06-13,received,analysis
541,2026-06-07,,received
541,2026-06-13,received,analysis
541,2026-06-18,analysis,action
541,2026-06-24,action,done
542,2026-06-07,,received
542,2026-06-27,received,analysis
543,2026-06-07,,received
543,2026-06-24,received,analysis
544,2026-06-07,,received
544,2026-06-15,received,analysis
544,2026-06-22,analysis,action
544,2026-06-30,action,done
545,2026-06-07,,received
545,2026-06-11,received,analysis
546,2026-06-07,,received
546,2026-06-22,received,analysis
547,2026-06-07,,received
547,2026-06-20,received,analysis
548,2026-06-07,,received
548,2026-06-10,received,analysis
549,2026-06-07,,received
549,2026-06-15,received,analysis
549,2026-06-24,analysis,action
549,2026-07-02,action,done
550,2026-06-07,,received
550,2026-06-13,received,analysis
550,2026-06-18,analysis,action
551,2026-06-08,,received
551,2026-06-25,received,analysis
552,2026-06-08,,received
552,2026-06-09,received,analysis
553,2026-06-08,,received
553,2026-06-22,received,analysis
553,2026-07-06,analysis,action
554,2026-06-08,,received
554,2026-06-20,received,analysis
554,2026-07-01,analysis,action
555,2026-06-08,,received
555,2026-06-23,received,analysis
556,2026-06-08,,received
556,2026-06-18,received,analysis
556,2026-06-27,analysis,action
556,2026-07-07,action,done
557,2026-06-08,,received
557,2026-07-01,received,analysis
558,2026-06-08,,received
558,2026-06-12,received,analysis
559,2026-06-08,,received
559,2026-06-12,received,analysis
559,2026-06-17,analysis,action
560,2026-06-08,,received
560,2026-06-12,received,analysis
560,2026-06-15,analysis,action
561,2026-06-08,,received
561,2026-07-02,received,analysis
562,2026-06-08,,received
562,2026-07-07,received,analysis
563,2026-06-08,,received
563,2026-06-18,received,analysis
563,2026-06-27,analysis,action
564,2026-06-08,,received
564,2026-06-18,received,analysis
564,2026-06-29,analysis,action
565,2026-06-08,,received
565,2026-06-16,received,analysis
565,2026-06-25,analysis,action
566,2026-06-08,,received
566,2026-06-18,received,analysis
566,2026-06-27,analysis,action
566,2026-07-07,action,done
567,2026-06-09,,received
567,2026-06-19,received,analysis
568,2026-06-09,,received
568,2026-06-10,received,analysis
568,2026-06-11,analysis,action
569,2026-06-09,,received
569,2026-07-04,received,analysis
570,2026-06-09,,received
570,2026-06-16,received,analysis
571,2026-06-09,,received
571,2026-06-20,received,analysis
572,2026-06-09,,received
572,2026-06-19,received,analysis
572,2026-06-30,analysis,action
573,2026-06-09,,received
573,2026-06-20,received,analysis
574,2026-06-10,,received
574,2026-06-11,received,analysis
574,2026-06-12,analysis,action
575,2026-06-10,,received
575,2026-06-22,received,analysis
576,2026-06-10,,received
576,2026-06-12,received,analysis
576,2026-06-14,analysis,action
577,2026-06-10,,received
577,2026-06-24,received,analysis
577,2026-07-07,analysis,action
578,2026-06-10,,received
578,2026-06-10,received,analysis
578,2026-06-11,analysis,action
579,2026-06-10,,received
579,2026-06-15,received,analysis
579,2026-06-20,analysis,action
579,2026-06-25,action,done
580,2026-06-10,,received
580,2026-06-16,received,analysis
580,2026-06-23,analysis,action
581,2026-06-10,,received
581,2026-06-12,received,analysis
581,2026-06-14,analysis,action
582,2026-06-10,,received
582,2026-06-14,received,analysis
582,2026-06-19,analysis,action
583,2026-06-10,,received
583,2026-07-07,received,analysis
584,2026-06-11,,received
584,2026-06-23,received,analysis
584,2026-07-04,analysis,action
585,2026-06-11,,received
585,2026-06-24,received,analysis
585,2026-07-07,analysis,action
586,2026-06-11,,received
586,2026-06-23,received,analysis
586,2026-07-04,analysis,action
587,2026-06-11,,received
587,2026-06-27,received,analysis
588,2026-06-11,,received
588,2026-06-12,received,analysis
589,2026-06-11,,received
589,2026-06-19,received,analysis
589,2026-06-26,analysis,action
590,2026-06-11,,received
590,2026-06-24,received,analysis
590,2026-07-07,analysis,action
591,2026-06-11,,received
591,2026-06-14,received,analysis
592,2026-06-11,,received
592,2026-06-15,received,analysis
593,2026-06-11,,received
593,2026-06-25,received,analysis
594,2026-06-11,,received
594,2026-06-19,received,analysis
595,2026-06-11,,received
595,2026-06-18,received,analysis
596,2026-06-11,,received
596,2026-06-14,received,analysis
597,2026-06-11,,received
597,2026-06-19,received,analysis
597,2026-06-28,analysis,action
598,2026-06-11,,received
598,2026-06-26,received,analysis
599,2026-06-11,,received
599,2026-06-27,received,analysis
600,2026-06-11,,received
600,2026-06-12,received,analysis
601,2026-06-12,,received
601,2026-06-26,received,analysis
602,2026-06-12,,received
602,2026-06-23,received,analysis
602,2026-07-04,analysis,action
603,2026-06-12,,received
603,2026-06-25,received,analysis
604,2026-06-12,,received
604,2026-06-16,received,analysis
605,2026-06-12,,received
605,2026-07-07,received,analysis
606,2026-06-12,,received
606,2026-06-18,received,analysis
606,2026-06-23,analysis,action
607,2026-06-12,,received
607,2026-06-12,received,analysis
607,2026-06-13,analysis,action
608,2026-06-12,,received
608,2026-06-17,received,analysis
608,2026-06-22,analysis,action
609,2026-06-12,,received
609,2026-06-15,received,analysis
609,2026-06-18,analysis,action
609,2026-06-21,action,done
610,2026-06-12,,received
610,2026-07-05,received,analysis
611,2026-06-12,,received
611,2026-06-21,received,analysis
612,2026-06-12,,received
612,2026-06-24,received,analysis
612,2026-07-07,analysis,action
613,2026-06-12,,received
613,2026-06-26,received,analysis
614,2026-06-12,,received
614,2026-06-15,received,analysis
615,2026-06-12,,received
615,2026-06-28,received,analysis
616,2026-06-12,,received
616,2026-06-16,received,analysis
616,2026-06-19,analysis,action
617,2026-06-13,,received
617,2026-06-14,received,analysis
617,2026-06-15,analysis,action
618,2026-06-13,,received
618,2026-07-02,received,analysis
619,2026-06-13,,received
619,2026-06-19,received,analysis
620,2026-06-13,,received
620,2026-06-25,received,analysis
620,2026-07-06,analysis,action
621,2026-06-13,,received
621,2026-06-23,received,analysis
621,2026-07-02,analysis,action
622,2026-06-13,,received
622,2026-07-06,received,analysis
623,2026-06-13,,received
623,2026-06-25,received,analysis
624,2026-06-13,,received
624,2026-06-21,received,analysis
625,2026-06-13,,received
625,2026-06-14,received,analysis
626,2026-06-13,,received
626,2026-07-04,received,analysis
627,2026-06-13,,received
627,2026-07-06,received,analysis
628,2026-06-13,,received
628,2026-06-28,received,analysis
629,2026-06-13,,received
629,2026-06-20,received,analysis
630,2026-06-13,,received
630,2026-06-14,received,analysis
630,2026-06-15,analysis,action
631,2026-06-13,,received
631,2026-06-14,received,analysis
632,2026-06-14,,received
632,2026-07-01,received,analysis
633,2026-06-14,,received
633,2026-06-15,received,analysis
633,2026-06-16,analysis,action
634,2026-06-14,,received
634,2026-06-16,received,analysis
634,2026-06-18,analysis,action
635,2026-06-14,,received
635,2026-06-20,received,analysis
635,2026-06-25,analysis,action
636,2026-06-14,,received
636,2026-06-18,received,analysis
637,2026-06-14,,received
637,2026-06-15,received,analysis
638,2026-06-14,,received
638,2026-06-19,received,analysis
638,2026-06-24,analysis,action
639,2026-06-14,,received
639,2026-06-17,received,analysis
639,2026-06-20,analysis,action
640,2026-06-14,,received
640,2026-07-06,received,analysis
641,2026-06-14,,received
641,2026-06-17,received,analysis
641,2026-06-20,analysis,action
642,2026-06-14,,received
642,2026-06-24,received,analysis
643,2026-06-14,,received
643,2026-06-24,received,analysis
643,2026-07-04,analysis,action
644,2026-06-14,,received
644,2026-07-07,received,analysis
645,2026-06-15,,received
645,2026-06-24,received,analysis
646,2026-06-15,,received
646,2026-06-20,received,analysis
646,2026-06-25,analysis,action
647,2026-06-15,,received
647,2026-06-25,received,analysis
648,2026-06-15,,received
648,2026-06-19,received,analysis
648,2026-06-24,analysis,action
649,2026-06-15,,received
649,2026-06-25,received,analysis
650,2026-06-15,,received
650,2026-06-18,received,analysis
651,2026-06-15,,received
651,2026-07-05,received,analysis
652,2026-06-15,,received
652,2026-07-06,received,analysis
653,2026-06-15,,received
653,2026-06-23,received,analysis
653,2026-06-30,analysis,action
654,2026-06-15,,received
654,2026-06-20,received,analysis
654,2026-06-25,analysis,action
655,2026-06-15,,received
655,2026-07-06,received,analysis
656,2026-06-15,,received
656,2026-06-18,received,analysis
656,2026-06-21,analysis,action
657,2026-06-15,,received
657,2026-06-24,received,analysis
658,2026-06-15,,received
658,2026-06-21,received,analysis
658,2026-06-27,analysis,action
659,2026-06-15,,received
659,2026-06-20,received,analysis
659,2026-06-25,analysis,action
660,2026-06-16,,received
660,2026-06-21,received,analysis
661,2026-06-16,,received
661,2026-06-16,received,analysis
661,2026-06-17,analysis,action
662,2026-06-16,,received
662,2026-06-20,received,analysis
662,2026-06-25,analysis,action
663,2026-06-16,,received
663,2026-06-30,received,analysis
664,2026-06-16,,received
664,2026-06-22,received,analysis
664,2026-06-28,analysis,action
665,2026-06-16,,received
665,2026-06-29,received,analysis
666,2026-06-16,,received
666,2026-07-05,received,analysis
667,2026-06-17,,received
667,2026-06-27,received,analysis
668,2026-06-17,,received
668,2026-06-21,received,analysis
668,2026-06-26,analysis,action
669,2026-06-17,,received
669,2026-06-17,received,analysis
669,2026-06-18,analysis,action
670,2026-06-17,,received
670,2026-06-17,received,analysis
670,2026-06-18,analysis,action
671,2026-06-17,,received
671,2026-06-21,received,analysis
671,2026-06-25,analysis,action
672,2026-06-17,,received
672,2026-06-26,received,analysis
673,2026-06-17,,received
673,2026-06-24,received,analysis
673,2026-07-01,analysis,action
674,2026-06-17,,received
674,2026-06-19,received,analysis
675,2026-06-17,,received
675,2026-06-22,received,analysis
675,2026-06-27,analysis,action
676,2026-06-17,,received
676,2026-06-23,received,analysis
676,2026-06-30,analysis,action
677,2026-06-17,,received
677,2026-06-23,received,analysis
678,2026-06-17,,received
678,2026-06-19,received,analysis
678,2026-06-22,analysis,action
679,2026-06-17,,received
679,2026-06-24,received,analysis
680,2026-06-17,,received
680,2026-06-19,received,analysis
680,2026-06-22,analysis,action
681,2026-06-18,,received
681,2026-06-20,received,analysis
681,2026-06-22,analysis,action
682,2026-06-18,,received
682,2026-06-18,received,analysis
682,2026-06-19,analysis,action
683,2026-06-18,,received
683,2026-06-28,received,analysis
683,2026-07-07,analysis,action
684,2026-06-18,,received
684,2026-06-22,received,analysis
684,2026-06-27,analysis,action
685,2026-06-18,,received
685,2026-06-26,received,analysis
685,2026-07-03,analysis,action
686,2026-06-18,,received
686,2026-06-23,received,analysis
687,2026-06-18,,received
687,2026-06-30,received,analysis
688,2026-06-18,,received
688,2026-06-18,received,analysis
688,2026-06-19,analysis,action
689,2026-06-18,,received
689,2026-06-18,received,analysis
689,2026-06-19,analysis,action
690,2026-06-18,,received
690,2026-07-01,received,analysis
691,2026-06-18,,received
691,2026-06-30,received,analysis
692,2026-06-18,,received
692,2026-06-20,received,analysis
692,2026-06-21,analysis,action
693,2026-06-18,,received
693,2026-07-04,received,analysis
694,2026-06-18,,received
694,2026-06-22,received,analysis
694,2026-06-25,analysis,action
695,2026-06-18,,received
695,2026-06-26,received,analysis
695,2026-07-03,analysis,action
696,2026-06-18,,received
696,2026-06-30,received,analysis
697,2026-06-18,,received
697,2026-06-24,received,analysis
697,2026-06-29,analysis,action
698,2026-06-18,,received
698,2026-06-26,received,analysis
698,2026-07-03,analysis,action
699,2026-06-18,,received
699,2026-06-26,received,analysis
699,2026-07-04,analysis,action
700,2026-06-19,,received
700,2026-06-22,received,analysis
701,2026-06-19,,received
701,2026-06-28,received,analysis
702,2026-06-19,,received
702,2026-06-20,received,analysis
703,2026-06-19,,received
703,2026-06-21,received,analysis
703,2026-06-24,analysis,action
704,2026-06-19,,received
704,2026-07-06,received,analysis
705,2026-06-19,,received
705,2026-07-01,received,analysis
706,2026-06-19,,received
706,2026-07-06,received,analysis
707,2026-06-19,,received
707,2026-07-06,received,analysis
708,2026-06-19,,received
708,2026-06-27,received,analysis
708,2026-07-05,analysis,action
709,2026-06-19,,received
709,2026-06-23,received,analysis
709,2026-06-27,analysis,action
710,2026-06-20,,received
710,2026-07-06,received,analysis
711,2026-06-20,,received
711,2026-06-25,received,analysis
712,2026-06-20,,received
712,2026-06-30,received,analysis
713,2026-06-20,,received
713,2026-06-25,received,analysis
714,2026-06-20,,received
714,2026-07-01,received,analysis
715,2026-06-20,,received
715,2026-06-25,received,analysis
715,2026-06-30,analysis,action
716,2026-06-20,,received
716,2026-06-22,received,analysis
716,2026-06-25,analysis,action
717,2026-06-20,,received
717,2026-06-30,received,analysis
718,2026-06-20,,received
718,2026-06-25,received,analysis
718,2026-06-30,analysis,action
719,2026-06-20,,received
719,2026-06-28,received,analysis
720,2026-06-21,,received
720,2026-07-03,received,analysis
721,2026-06-21,,received
721,2026-06-24,received,analysis
721,2026-06-27,analysis,action
722,2026-06-21,,received
722,2026-06-29,received,analysis
722,2026-07-07,analysis,action
723,2026-06-21,,received
723,2026-07-06,received,analysis
724,2026-06-22,,received
724,2026-06-22,received,analysis
724,2026-06-23,analysis,action
725,2026-06-22,,received
725,2026-06-28,received,analysis
725,2026-07-04,analysis,action
726,2026-06-22,,received
726,2026-06-29,received,analysis
726,2026-07-06,analysis,action
727,2026-06-22,,received
727,2026-07-04,received,analysis
728,2026-06-22,,received
728,2026-06-24,received,analysis
728,2026-06-27,analysis,action
729,2026-06-22,,received
729,2026-07-05,received,analysis
730,2026-06-22,,received
730,2026-06-28,received,analysis
730,2026-07-05,analysis,action
731,2026-06-22,,received
731,2026-06-28,received,analysis
732,2026-06-22,,received
732,2026-06-25,received,analysis
732,2026-06-28,analysis,action
733,2026-06-22,,received
733,2026-06-28,received,analysis
733,2026-07-05,analysis,action
734,2026-06-22,,received
734,2026-06-24,received,analysis
734,2026-06-26,analysis,action
735,2026-06-22,,received
735,2026-07-04,received,analysis
736,2026-06-22,,received
736,2026-06-27,received,analysis
736,2026-07-02,analysis,action
737,2026-06-22,,received
737,2026-06-28,received,analysis
737,2026-07-04,analysis,action
738,2026-06-22,,received
738,2026-07-03,received,analysis
739,2026-06-22,,received
739,2026-06-27,received,analysis
740,2026-06-22,,received
740,2026-06-28,received,analysis
740,2026-07-05,analysis,action
741,2026-06-23,,received
741,2026-07-02,received,analysis
742,2026-06-23,,received
742,2026-06-25,received,analysis
743,2026-06-23,,received
744,2026-06-23,,received
745,2026-06-23,,received
745,2026-06-29,received,analysis
745,2026-07-04,analysis,action
746,2026-06-23,,received
747,2026-06-23,,received
747,2026-07-02,received,analysis
748,2026-06-23,,received
749,2026-06-23,,received
750,2026-06-23,,received
751,2026-06-23,,received
751,2026-06-25,received,analysis
751,2026-06-27,analysis,action
752,2026-06-23,,received
752,2026-07-07,received,analysis
753,2026-06-23,,received
754,2026-06-23,,received
755,2026-06-24,,received
756,2026-06-24,,received
756,2026-06-30,received,analysis
756,2026-07-07,analysis,action
757,2026-06-24,,received
757,2026-06-26,received,analysis
757,2026-06-29,analysis,action
758,2026-06-24,,received
759,2026-06-24,,received
760,2026-06-24,,received
761,2026-06-24,,received
761,2026-07-05,received,analysis
762,2026-06-24,,received
762,2026-06-26,received,analysis
763,2026-06-24,,received
763,2026-06-26,received,analysis
763,2026-06-28,analysis,action
764,2026-06-24,,received
765,2026-06-24,,received
766,2026-06-24,,received
766,2026-07-04,received,analysis
767,2026-06-24,,received
768,2026-06-24,,received
769,2026-06-24,,received
770,2026-06-24,,received
770,2026-07-04,received,analysis
771,2026-06-24,,received
772,2026-06-24,,received
772,2026-06-26,received,analysis
772,2026-06-28,analysis,action
773,2026-06-24,,received
774,2026-06-24,,received
775,2026-06-24,,received
776,2026-06-24,,received
777,2026-06-24,,received
777,2026-06-28,received,analysis
778,2026-06-25,,received
778,2026-06-26,received,analysis
778,2026-06-27,analysis,action
779,2026-06-25,,received
779,2026-06-29,received,analysis
779,2026-07-03,analysis,action
780,2026-06-25,,received
780,2026-07-01,received,analysis
781,2026-06-25,,received
781,2026-06-25,received,analysis
781,2026-06-26,analysis,action
782,2026-06-25,,received
782,2026-06-28,received,analysis
783,2026-06-25,,received
783,2026-06-28,received,analysis
783,2026-07-01,analysis,action
784,2026-06-25,,received
784,2026-06-25,received,analysis
784,2026-06-26,analysis,action
785,2026-06-25,,received
785,2026-07-07,received,analysis
786,2026-06-25,,received
786,2026-07-01,received,analysis
787,2026-06-25,,received
788,2026-06-25,,received
788,2026-06-28,received,analysis
788,2026-07-01,analysis,action
789,2026-06-25,,received
789,2026-06-30,received,analysis
789,2026-07-05,analysis,action
790,2026-06-25,,received
790,2026-07-01,received,analysis
790,2026-07-06,analysis,action
791,2026-06-25,,received
792,2026-06-25,,received
792,2026-06-26,received,analysis
793,2026-06-25,,received
793,2026-06-29,received,analysis
793,2026-07-02,analysis,action
794,2026-06-25,,received
794,2026-07-07,received,analysis
795,2026-06-26,,received
796,2026-06-26,,received
797,2026-06-26,,received
797,2026-06-30,received,analysis
798,2026-06-26,,received
798,2026-07-06,received,analysis
799,2026-06-26,,received
800,2026-06-26,,received
800,2026-06-28,received,analysis
801,2026-06-26,,received
802,2026-06-26,,received
803,2026-06-26,,received
804,2026-06-26,,received
804,2026-07-02,received,analysis
805,2026-06-26,,received
806,2026-06-26,,received
807,2026-06-26,,received
808,2026-06-26,,received
808,2026-07-01,received,analysis
809,2026-06-26,,received
809,2026-07-04,received,analysis
810,2026-06-26,,received
811,2026-06-26,,received
812,2026-06-26,,received
813,2026-06-26,,received
814,2026-06-26,,received
814,2026-06-29,received,analysis
815,2026-06-26,,received
815,2026-07-03,received,analysis
816,2026-06-26,,received
816,2026-07-02,received,analysis
817,2026-06-26,,received
818,2026-06-26,,received
818,2026-07-03,received,analysis
819,2026-06-26,,received
820,2026-06-26,,received
821,2026-06-26,,received
822,2026-06-27,,received
823,2026-06-27,,received
823,2026-07-06,received,analysis
824,2026-06-27,,received
825,2026-06-27,,received
826,2026-06-27,,received
827,2026-06-27,,received
828,2026-06-27,,received
828,2026-07-02,received,analysis
829,2026-06-27,,received
830,2026-06-27,,received
831,2026-06-27,,received
831,2026-07-05,received,analysis
832,2026-06-27,,received
833,2026-06-27,,received
833,2026-07-03,received,analysis
834,2026-06-27,,received
835,2026-06-27,,received
835,2026-06-28,received,analysis
836,2026-06-27,,received
836,2026-07-05,received,analysis
837,2026-06-27,,received
837,2026-07-02,received,analysis
838,2026-06-27,,received
838,2026-07-07,received,analysis
839,2026-06-27,,received
840,2026-06-28,,received
841,2026-06-28,,received
842,2026-06-28,,received
843,2026-06-28,,received
844,2026-06-28,,received
844,2026-06-29,received,analysis
845,2026-06-28,,received
845,2026-07-01,received,analysis
846,2026-06-28,,received
847,2026-06-28,,received
848,2026-06-28,,received
849,2026-06-28,,received
849,2026-07-03,received,analysis
850,2026-06-28,,received
851,2026-06-28,,received
851,2026-07-04,received,analysis
852,2026-06-28,,received
853,2026-06-28,,received
854,2026-06-28,,received
854,2026-07-06,received,analysis
855,2026-06-28,,received
855,2026-07-04,received,analysis
856,2026-06-28,,received
856,2026-07-07,received,analysis
857,2026-06-28,,received
857,2026-07-05,received,analysis
858,2026-06-28,,received
858,2026-07-03,received,analysis
859,2026-06-28,,received
859,2026-07-01,received,analysis
860,2026-06-29,,received
861,2026-06-29,,received
862,2026-06-29,,received
863,2026-06-29,,received
864,2026-06-29,,received
864,2026-07-02,received,analysis
865,2026-06-29,,received
865,2026-07-06,received,analysis
866,2026-06-29,,received
867,2026-06-29,,received
867,2026-07-02,received,analysis
868,2026-06-29,,received
868,2026-07-03,received,analysis
869,2026-06-29,,received
869,2026-06-30,received,analysis
870,2026-06-29,,received
870,2026-07-01,received,analysis
871,2026-06-29,,received
871,2026-07-03,received,analysis
872,2026-06-29,,received
873,2026-06-29,,received
873,2026-07-04,received,analysis
874,2026-06-29,,received
875,2026-06-29,,received
875,2026-07-05,received,analysis
876,2026-06-29,,received
876,2026-07-07,received,analysis
877,2026-06-30,,received
877,2026-07-04,received,analysis
878,2026-06-30,,received
878,2026-07-02,received,analysis
879,2026-06-30,,received
880,2026-06-30,,received
881,2026-06-30,,received
881,2026-07-05,received,analysis
882,2026-06-30,,received
882,2026-07-05,received,analysis
883,2026-06-30,,received
884,2026-06-30,,received
884,2026-07-07,received,analysis
885,2026-06-30,,received
885,2026-07-05,received,analysis
886,2026-06-30,,received
887,2026-06-30,,received
887,2026-07-04,received,analysis
888,2026-06-30,,received
889,2026-06-30,,received
890,2026-06-30,,received
891,2026-07-01,,received
892,2026-07-01,,received
893,2026-07-01,,received
893,2026-07-06,received,analysis
894,2026-07-01,,received
895,2026-07-01,,received
896,2026-07-01,,received
897,2026-07-01,,received
898,2026-07-01,,received
898,2026-07-05,received,analysis
899,2026-07-01,,received
899,2026-07-06,received,analysis
900,2026-07-01,,received
900,2026-07-03,received,analysis
901,2026-07-01,,received
901,2026-07-07,received,analysis
902,2026-07-01,,received
903,2026-07-01,,received
904,2026-07-01,,received
905,2026-07-01,,received
905,2026-07-06,received,analysis
906,2026-07-01,,received
907,2026-07-01,,received
908,2026-07-01,,received
909,2026-07-01,,received
910,2026-07-01,,received
910,2026-07-02,received,analysis
911,2026-07-02,,received
911,2026-07-04,received,analysis
912,2026-07-02,,received
913,2026-07-02,,received
914,2026-07-02,,received
915,2026-07-02,,received
916,2026-07-02,,received
916,2026-07-07,received,analysis
917,2026-07-02,,received
917,2026-07-04,received,analysis
918,2026-07-02,,received
918,2026-07-03,received,analysis
919,2026-07-02,,received
919,2026-07-03,received,analysis
920,2026-07-02,,received
920,2026-07-07,received,analysis
921,2026-07-02,,received
921,2026-07-06,received,analysis
922,2026-07-02,,received
922,2026-07-05,received,analysis
923,2026-07-02,,received
924,2026-07-02,,received
925,2026-07-02,,received
926,2026-07-02,,received
927,2026-07-02,,received
928,2026-07-02,,received
928,2026-07-04,received,analysis
929,2026-07-02,,received
929,2026-07-06,received,analysis
930,2026-07-02,,received
930,2026-07-07,received,analysis
931,2026-07-02,,received
932,2026-07-02,,received
933,2026-07-02,,received
933,2026-07-03,received,analysis
934,2026-07-02,,received
934,2026-07-07,received,analysis
935,2026-07-02,,received
935,2026-07-03,received,analysis
936,2026-07-03,,received
937,2026-07-03,,received
938,2026-07-03,,received
939,2026-07-03,,received
939,2026-07-05,received,analysis
940,2026-07-03,,received
941,2026-07-03,,received
941,2026-07-05,received,analysis
942,2026-07-03,,received
942,2026-07-06,received,analysis
943,2026-07-03,,received
944,2026-07-03,,received
945,2026-07-03,,received
946,2026-07-03,,received
947,2026-07-04,,received
948,2026-07-04,,received
949,2026-07-04,,received
949,2026-07-06,received,analysis
950,2026-07-04,,received
950,2026-07-06,received,analysis
951,2026-07-04,,received
952,2026-07-04,,received
953,2026-07-04,,received
953,2026-07-06,received,analysis
954,2026-07-04,,received
954,2026-07-06,received,analysis
955,2026-07-04,,received
955,2026-07-07,received,analysis
956,2026-07-04,,received
956,2026-07-05,received,analysis
957,2026-07-04,,received
957,2026-07-06,received,analysis
958,2026-07-04,,received
959,2026-07-04,,received
959,2026-07-07,received,analysis
960,2026-07-04,,received
960,2026-07-06,received,analysis
961,2026-07-04,,received
961,2026-07-05,received,analysis
962,2026-07-04,,received
963,2026-07-04,,received
964,2026-07-04,,received
965,2026-07-04,,received
965,2026-07-07,received,analysis
966,2026-07-05,,received
967,2026-07-05,,received
968,2026-07-05,,received
969,2026-07-05,,received
970,2026-07-05,,received
971,2026-07-05,,received
972,2026-07-05,,received
973,2026-07-05,,received
974,2026-07-05,,received
975,2026-07-05,,received
976,2026-07-05,,received
977,2026-07-05,,received
978,2026-07-06,,received
979,2026-07-06,,received
980,2026-07-06,,received
981,2026-07-06,,received
982,2026-07-06,,received
983,2026-07-06,,received
984,2026-07-06,,received
985,2026-07-06,,received
986,2026-07-06,,received
987,2026-07-06,,received
988,2026-07-06,,received
989,2026-07-06,,received
990,2026-07-06,,received
991,2026-07-06,,received
992,2026-07-07,,received
993,2026-07-07,,received
994,2026-07-07,,received
995,2026-07-07,,received
996,2026-07-07,,received
997,2026-07-07,,received
998,2026-07-07,,received
999,2026-07-07,,received
1000,2026-07-07,,received
